addr	stc_prologue
0x000005f4	0
0x00000600	0
0x0000060c	0
0x0000061c	0
0x0000062c	0
0x00000640	0
0x00000648	0
0x00000650	1
0x00000668	1
0x00000680	1
0x00000698	1
0x000006b0	0
0x000006c0	0
0x000006d8	1
0x000006ec	1
0x00000700	1
0x00000718	1
0x00000730	1
0x00000750	1
0x00000770	1
0x00000788	1
0x0000079c	1
0x000007b0	1
0x000007c4	1
0x000007dc	1
0x000007f4	0
0x00000800	0
0x0000080c	0
0x0000081c	0
0x0000082c	0
0x00000838	0
0x00000844	0
0x0000084c	0
0x00000860	0
0x00000874	0
0x00000884	1
0x00000898	1
0x000008ac	1
0x000008c4	1
0x000008d8	1
0x000008f0	1
0x00000908	1
0x0000091c	1
0x00000930	1
0x00000948	1
0x00000970	1
0x00000984	1
0x00000998	1
0x000009ac	1
0x000009c0	1
0x000009d4	1
0x000009f0	1
0x00000a00	1
0x00000a14	1
0x00000a28	1
0x00000a3c	1
0x00000a84	1
0x00000ab8	1
0x00000adc	1
0x00000b04	1
0x00000b34	1
0x00000b48	1
0x00000b5c	1
0x00000b70	1
0x00000b84	1
0x00000b9c	1
0x00000bc4	1
0x00000bdc	1
0x00000bf4	1
0x00000c0c	1
0x00000c24	1
0x00000c40	1
0x00000c58	1
0x00000c70	1
0x00000c84	1
0x00000c9c	1
0x00000cb4	1
0x00000cc8	1
0x00000cf0	1
0x00000d04	1
0x00000d18	1
0x00000d2c	1
0x00000d40	1
0x00000d54	1
0x00000d6c	1
0x00000d84	1
0x00000da0	1
0x00000dbc	1
0x00000dd8	1
0x00000df0	1
0x00000e08	1
0x00000e20	1
0x00000e34	1
0x00000e54	1
0x00000e6c	1
0x00000e84	1
0x00000ea4	1
0x00000ec4	1
0x00000edc	1
0x00000ef4	1
0x00000f10	1
0x00000f28	1
0x00000f40	1
0x00000f58	1
0x00000f70	1
0x00000f88	1
0x00000fac	1
0x00000fc8	1
0x00000fe0	1
0x00000ff8	1
0x0000100c	1
0x00001024	1
0x00001040	1
0x0000105c	1
0x00001080	1
0x00001094	1
0x000010a8	1
0x000010dc	1
0x000010fc	1
0x00001114	1
0x00001130	1
0x0000114c	1
0x0000116c	1
0x00001184	1
0x000011a8	1
0x000011bc	1
0x000011e0	1
0x00001200	1
0x00001220	1
0x00001254	1
0x00001288	1
0x000012a4	1
0x000012c0	1
0x000012dc	1
0x0000130c	1
0x00001340	1
0x00001360	1
0x0000137c	1
0x000013ac	1
0x000023e0	1
0x000023f8	1
0x00002a98	1
0x00002abc	1
0x00002ad8	1
0x00002af4	1
0x00002b10	1
0x00002b38	1
0x00002b8c	1
0x00002bf4	1
0x00002c1c	1
0x00002c40	1
0x00002c64	1
0x00002c88	1
0x00002ca4	1
0x00002ccc	1
0x00002d20	1
0x00002d48	1
0x00002d6c	1
0x00002d90	1
0x00002db8	1
0x00002ddc	1
0x00002e08	1
0x00002e2c	1
0x00002e50	1
0x00002e74	1
0x00002e98	1
0x00002ebc	1
0x00002ee0	1
0x00002f04	1
0x00002f38	1
0x00002f68	1
0x00002f8c	1
0x00002fe8	1
0x00003018	1
0x0000303c	1
0x00003068	1
0x000030dc	1
0x00003114	1
0x0000313c	1
0x00003164	1
0x0000318c	1
0x000031b4	1
0x000031dc	1
0x00003200	1
0x00003234	1
0x00003260	1
0x0000328c	1
0x000032bc	1
0x00003310	1
0x0000342c	1
0x00003464	1
0x000034f0	1
0x00003654	1
0x00003684	1
0x000036dc	1
0x00003794	1
0x000037e8	1
0x0000382c	1
0x00003870	1
0x0000388c	1
0x000038bc	1
0x000038e4	1
0x0000390c	1
0x00003934	1
0x0000395c	1
0x00003978	1
0x000039a0	1
0x000039d4	1
0x00003a04	1
0x00003a44	1
0x00003a78	1
0x00003ab4	1
0x00003ae4	1
0x00003b2c	1
0x00003b4c	1
0x00003b7c	1
0x00003ba0	1
0x00003bc8	1
0x00003c00	1
0x00003c20	1
0x00003c44	1
0x00003cf4	1
0x00003d54	1
0x00003d84	1
0x00003da8	1
0x00003dcc	1
0x00003de0	1
0x00003df4	1
0x00003e08	1
0x00003e20	1
0x00003e34	1
0x00003e48	1
0x00003e5c	1
0x00003e74	1
0x00003e88	1
0x00003ea4	1
0x00003ee0	1
0x00003fac	1
0x00003fc4	1
0x00003fd8	1
0x00004000	1
0x00004018	1
0x00004050	1
0x00004080	1
0x000040f0	1
0x0000412c	1
0x0000417c	1
0x000041d8	1
0x00004288	1
0x000042f0	1
0x00004320	1
0x00004348	1
0x00004360	1
0x00004388	1
0x000043a0	1
0x000043c0	1
0x00004494	1
0x000044c8	1
0x000044fc	1
0x00004520	1
0x00004554	1
0x00004578	1
0x000045ac	1
0x000045e0	1
0x00004600	1
0x00004620	1
0x00004780	1
0x000047c0	1
0x000047f0	1
0x00004808	1
0x0000483c	1
0x000048ac	1
0x0000491c	1
0x00004954	1
0x00004994	1
0x000049cc	1
0x00004a20	1
0x00004a80	1
0x00004aa0	1
0x00004b14	1
0x00004b58	1
0x00004b90	1
0x00004bf0	1
0x00004c10	1
0x00004c98	1
0x00004cd0	1
0x00004d38	1
0x00004df4	1
0x00004e80	1
0x00004eb8	1
0x00004edc	1
0x00004f00	1
0x000050c4	1
0x00005108	1
0x00005130	1
0x00005160	1
0x00005190	1
0x000051b8	1
0x000051d8	1
0x00005200	1
0x00005220	1
0x00005248	1
0x000052b4	1
0x00005348	1
0x00005380	1
0x0000539c	1
0x0000541c	1
0x0000543c	1
0x000054c0	1
0x000054f0	1
0x00005524	1
0x000055bc	1
0x00005644	1
0x00005668	1
0x000056ac	1
0x000056e0	1
0x0000571c	1
0x0000575c	1
0x0000577c	1
0x000057bc	1
0x000057e0	1
0x0000581c	1
0x00005850	1
0x00005874	1
0x000058b4	1
0x00005928	1
0x0000597c	1
0x00005a64	1
0x00005a84	1
0x00005acc	1
0x00005c4c	1
0x00005c90	1
0x00005cb4	1
0x00005cd8	1
0x00005d08	1
0x00005d40	1
0x00005d70	1
0x00005d8c	1
0x00005dd4	1
0x00005e00	1
0x00005e38	1
0x00005e8c	1
0x00005ec4	1
0x00005efc	1
0x00005f60	1
0x000060e8	1
0x00006354	1
0x00006474	1
0x00006568	1
0x0000659c	1
0x0000665c	1
0x000066a4	1
0x000066f4	1
0x00006738	1
0x0000676c	1
0x000067c0	1
0x00006970	1
0x00006a08	1
0x00006a58	1
0x00006a90	1
0x00006acc	1
0x00006af0	1
0x00006b34	1
0x00006b80	1
0x00006bb0	1
0x00006bd8	1
0x00006bfc	1
0x00006c60	1
0x00006c9c	1
0x00006cc0	1
0x00006d30	1
0x00006db8	1
0x00006dec	1
0x00006e30	1
0x00006e60	1
0x00006ea4	1
0x00006f0c	1
0x00006f44	1
0x00007004	1
0x00007028	1
0x00007074	1
0x000070a4	1
0x000070c0	1
0x000070d4	1
0x000070f8	1
0x00007144	1
0x000071e4	1
0x00007250	1
0x0000733c	1
0x00007388	1
0x000073d8	1
0x00007410	1
0x0000742c	1
0x0000746c	1
0x000074c8	1
0x00007554	1
0x00007620	1
0x000076e0	1
0x0000770c	1
0x00007780	1
0x000078b0	1
0x00007930	1
0x00007990	1
0x00007a98	1
0x00007bdc	1
0x00007c70	1
0x00007d2c	1
0x00007dbc	1
0x00007e04	1
0x00007fd4	1
0x0000801c	1
0x00008048	1
0x000080a0	1
0x000080bc	1
0x000080e4	1
0x0000811c	1
0x00008150	1
0x000082d8	1
0x00008308	1
0x0000842c	1
0x00008454	1
0x000084a8	1
0x0000863c	1
0x00008674	1
0x000086a0	1
0x000086cc	1
0x000086f8	1
0x00008724	1
0x00008754	1
0x00008780	1
0x000087ac	1
0x000087d8	1
0x00008828	1
0x000088a0	1
0x000088d0	1
0x00008908	1
0x00008940	1
0x00008a64	0
0x00008a78	0
0x00008a8c	0
0x00008aa4	0
0x00008ac8	0
0x00008b2c	1
0x00008e9c	1
0x00008ec8	1
0x00008ef8	1
0x00008fa0	1
0x0000906c	1
0x0000908c	1
0x000090d8	1
0x00009140	1
0x000092fc	1
0x000093d0	1
0x000094b0	1
0x00009590	1
0x000095b4	1
0x00009654	1
0x000096c4	1
0x000096f0	1
0x00009750	0
0x00009760	0
0x00009770	0
0x00009784	0
0x00009798	0
0x000097a8	0
0x000097c4	1
0x0000982c	1
0x000099f4	1
0x00009abc	1
0x00009b9c	1
0x00009c00	1
0x00009ca0	1
0x00009cc4	1
0x00009d40	1
0x00009de0	1
0x00009e04	1
0x00009e28	1
0x00009e4c	1
0x00009ee0	1
0x00009fec	1
0x0000a038	1
0x0000a070	1
0x0000a120	1
0x0000a14c	1
0x0000a21c	1
0x0000a254	1
0x0000a310	1
0x0000a32c	1
0x0000a42c	1
0x0000a48c	1
0x0000a500	1
0x0000a560	1
0x0000a598	1
0x0000a5c0	1
0x0000a5e4	1
0x0000a608	1
0x0000a638	1
0x0000a64c	1
0x0000a674	1
0x0000a6a0	1
0x0000a6ec	1
0x0000a74c	1
0x0000a764	1
0x0000a784	1
0x0000a79c	1
0x0000a7b4	1
0x0000a824	1
0x0000a83c	1
0x0000a874	1
0x0000aa5c	1
0x0000aaa0	1
0x0000aae8	1
0x0000ab08	1
0x0000ab20	1
0x0000ac00	1
0x0000ac7c	1
0x0000acd8	1
0x0000ad08	1
0x0000ad20	1
0x0000ad8c	1
0x0000adac	1
0x0000adc8	1
0x0000ade4	1
0x0000adfc	1
0x0000ae38	1
0x0000ae54	1
0x0000ae70	1
0x0000ae9c	1
0x0000aeb4	1
0x0000aecc	1
0x0000af88	1
0x0000afc0	1
0x0000b004	1
0x0000b044	1
0x0000b060	1
0x0000b098	1
0x0000b0fc	1
0x0000b11c	1
0x0000b138	1
0x0000b154	1
0x0000b1cc	1
0x0000b210	1
0x0000b380	1
0x0000b3c4	1
0x0000b3ec	1
0x0000b40c	1
0x0000b454	1
0x0000b4ac	1
0x0000b504	1
0x0000b55c	1
0x0000b648	1
0x0000b698	1
0x0000b6c0	1
0x0000b6f8	1
0x0000b714	1
0x0000b778	1
0x0000b7c4	1
0x0000b858	1
0x0000b898	1
0x0000b8e8	1
0x0000b908	1
0x0000b948	1
0x0000b978	1
0x0000b9a4	1
0x0000bb08	1
0x0000bb24	1
0x0000bb88	1
0x0000bbf8	1
0x0000bc1c	1
0x0000bc3c	1
0x0000bc60	1
0x0000bc7c	1
0x0000bd3c	1
0x0000bd8c	1
0x0000bdc8	1
0x0000bdec	1
0x0000be08	1
0x0000be4c	1
0x0000bed4	1
0x0000bf18	1
0x0000bf44	1
0x0000c028	1
0x0000c104	1
0x0000c128	1
0x0000c168	1
0x0000c1c0	1
0x0000c418	1
0x0000c43c	1
0x0000c468	1
0x0000c4b0	1
0x0000c524	1
0x0000c5c8	1
0x0000c5d8	1
0x0000c5f4	1
0x0000c610	1
0x0000c62c	1
0x0000c648	1
0x0000c6ac	1
0x0000c6cc	1
0x0000c6f4	1
0x0000c710	1
0x0000c72c	1
0x0000c750	1
0x0000c774	1
0x0000c7b0	1
0x0000c7cc	1
0x0000c7e8	1
0x0000c804	1
0x0000c820	1
0x0000c84c	1
0x0000c878	1
0x0000c89c	1
0x0000c8b8	1
0x0000c8d4	1
0x0000c910	1
0x0000c93c	1
0x0000ca58	1
0x0000ca84	1
0x0000cb14	1
0x0000cb90	1
0x0000cc08	1
0x0000cc54	1
0x0000ccd0	1
0x0000cd94	1
0x0000cdd4	1
0x0000ce20	1
0x0000ce7c	1
0x0000ce98	1
0x0000ceb8	1
0x0000ced4	1
0x0000cef0	1
0x0000cf10	1
0x0000cf70	1
0x0000cf8c	1
0x0000cfa8	1
0x0000d024	1
0x0000d050	1
0x0000d098	1
0x0000d104	1
0x0000d138	1
0x0000d168	1
0x0000d2bc	1
0x0000d420	1
0x0000d4f0	1
0x0000d638	1
0x0000d6a4	1
0x0000d700	1
0x0000d740	1
0x0000d778	1
0x0000d7d4	1
0x0000d800	1
0x0000d9c8	1
0x0000da0c	1
0x0000da4c	1
0x0000da64	1
0x0000da80	1
0x0000da9c	1
0x0000dabc	1
0x0000dad4	1
0x0000daec	1
0x0000db24	1
0x0000dc28	1
0x0000dc44	1
0x0000dc74	1
0x0000dca4	1
0x0000dcd0	1
0x0000dd0c	1
0x0000dd84	1
0x0000ddd4	1
0x0000ddf8	1
0x0000de1c	1
0x0000df60	1
0x0000dfec	1
0x0000e034	1
0x0000e0d8	1
0x0000e0f4	1
0x0000e114	1
0x0000e144	1
0x0000e1e8	1
0x0000e290	1
0x0000e2c0	1
0x0000e3b4	1
0x0000e4b4	1
0x0000e4fc	1
0x0000e560	1
0x0000e590	1
0x0000e5a4	1
0x0000e5b8	1
0x0000e5fc	1
0x0000e62c	1
0x0000e67c	1
0x0000e6c8	1
0x0000e6f4	1
0x0000e718	1
0x0000e740	1
0x0000e764	1
0x0000e7b8	1
0x0000e7ec	1
0x0000e820	1
0x0000e868	1
0x0000e8c0	1
0x0000e8f4	1
0x0000ea04	1
0x0000ea30	1
0x0000ea98	1
0x0000eac8	1
0x0000eb34	1
0x0000ebf4	1
0x0000ec20	1
0x0000ecc8	1
0x0000ecec	1
0x0000ed84	1
0x0000ed98	1
0x0000edb0	1
0x0000ee10	1
0x0000ee40	1
0x0000ee80	1
0x0000ee9c	1
0x0000eebc	1
0x0000eed0	1
0x0000ef00	1
0x0000ef2c	1
0x0000ef68	1
0x0000efcc	1
0x0000f00c	1
0x0000f0ec	1
0x0000f13c	1
0x0000f160	1
0x0000f184	1
0x0000f1a4	1
0x0000f1c8	1
0x0000f1ec	1
0x0000f210	1
0x0000f234	1
0x0000f6b4	1
0x0000f700	1
0x0000f77c	1
0x0000f78c	1
0x0000f89c	1
0x0000f8b0	1
0x0000f8c4	1
0x0000f8d4	1
0x0000f8e4	1
0x0000f8f8	1
0x0000f934	1
0x0000f944	1
0x0000f964	1
0x0000f9b8	1
0x0000f9f8	1
0x0000fb44	1
0x0000fb54	1
0x0000fb68	1
0x0000fb90	1
0x0000fbd0	1
0x0000fbe0	1
0x0000fbf4	1
0x0000fc0c	1
0x0000fc24	1
0x0000fc48	1
0x0000fc94	1
0x0000fcb0	1
0x0000fcf8	1
0x0000fd34	1
0x0000fd8c	1
0x0000fde0	1
0x0000fe04	1
0x0000fe30	1
0x0000fe7c	1
0x0000fe9c	1
0x0000fed4	1
0x0000fef8	1
0x0000ff80	1
0x0000ffcc	1
0x00010048	1
0x00010090	1
0x0001028c	1
0x000102e8	1
0x00010354	1
0x0001037c	1
0x000103f0	1
0x0001043c	1
0x00010624	1
0x00010770	1
0x0001078c	1
0x000108b4	1
0x00010918	1
0x000109f8	1
0x00010a4c	1
0x00010adc	1
0x00010b20	1
0x00010bbc	1
0x00010c5c	1
0x00010ccc	1
0x00010d34	1
0x00010db4	1
0x00010e68	1
0x00010f68	1
0x00011054	1
0x000110a4	1
0x000110c4	1
0x000110e8	1
0x00011114	1
0x00011154	1
0x000111b0	1
0x000111c8	1
0x000111e0	1
0x000111f8	1
0x0001120c	1
0x00011220	1
0x00011234	1
0x00011258	1
0x00011298	1
0x000112ec	1
0x00011428	1
0x000114b8	1
0x00011560	1
0x00011698	1
0x000116c0	1
0x000116e4	1
0x00011720	1
0x000117bc	1
0x000117fc	1
0x00011820	1
0x00011844	1
0x00011898	1
0x000118d0	1
0x00011904	1
0x00011968	1
0x000119b8	1
0x00011a04	1
0x00011a18	1
0x00011a30	1
0x00011a48	1
0x00011a60	1
0x00011ac0	1
0x00011c2c	1
0x00011dac	1
0x00011e5c	1
0x00012020	1
0x000120d4	1
0x0001229c	1
0x00012358	1
0x000123c4	1
0x00012430	1
0x00012cb8	1
0x00012d0c	1
0x00012de4	1
0x00012f30	1
0x0001306c	1
0x000131c4	1
0x00013314	1
0x000133b0	1
0x00013438	1
0x000134dc	1
0x000135c8	1
0x00013638	1
0x00013738	1
0x000137f0	1
0x00013840	1
0x000138e8	1
0x00013984	1
0x00013a10	1
0x00013a98	1
0x00013e6c	1
0x00013ee4	1
0x00013f08	1
0x00013f4c	1
0x00013f70	1
0x00013f94	1
0x00014154	1
0x00014880	1
0x00014990	1
0x00014ae8	1
0x00014bf0	1
0x00014c18	1
0x00014d48	1
0x00014dac	1
0x00014df0	1
0x00014e64	1
0x00014f14	1
0x00015218	1
0x0001544c	1
0x000155a4	1
0x000155ec	1
0x000159bc	1
0x00015a0c	1
0x00015a60	1
0x00015b30	1
0x00015bd0	1
0x00015c38	1
0x00015c78	1
0x00015cf8	1
0x00015d68	1
0x00015e04	1
0x00015e88	1
0x00015ed8	1
0x00015f60	1
0x00015fc0	1
0x00016024	1
0x000161bc	1
0x000161f4	1
0x00016248	1
0x00016290	1
0x00016358	1
0x000163f0	1
0x0001644c	1
0x00016490	1
0x000164f0	1
0x0001652c	1
0x00016568	1
0x00016584	1
0x000165ac	1
0x00016664	1
0x000166a4	1
0x000166d0	1
0x00016720	1
0x0001679c	1
0x00016834	1
0x0001692c	1
0x000169dc	1
0x00016ac8	1
0x00016dd0	1
0x00016e10	1
0x00016e8c	1
0x00016f08	1
0x00016f20	1
0x00016f38	1
0x00016f88	1
0x00017148	1
0x000171fc	1
0x000172d0	1
0x00017318	1
0x00017454	1
0x000174bc	1
0x00017510	1
0x000175f4	1
0x000176ac	1
0x000176ec	1
0x0001787c	1
0x00017a80	1
0x00017aa8	1
0x00017b24	1
0x00017b9c	1
0x00017c14	1
0x00017c4c	1
0x00017c98	1
0x00017ce0	1
0x00017d30	1
0x00017d78	1
0x00017dc0	1
0x00017e70	1
0x00017ec0	1
0x00017f20	1
0x00017fc8	1
0x00018070	1
0x00018124	1
0x00018148	1
0x0001816c	1
0x00018194	1
0x00018370	1
0x000183b4	1
0x0001871c	1
0x00018864	1
0x0001887c	1
0x000188c4	1
0x0001890c	1
0x00018958	1
0x000189b0	1
0x000189dc	1
0x00018a04	1
0x00018aac	1
0x00018c78	1
0x00018ccc	1
0x00018d00	1
0x00018d9c	1
0x00018e0c	1
0x00018e38	1
0x00018ec8	1
0x000190fc	1
0x0001939c	1
0x000193f0	1
0x00019590	1
0x0001960c	1
0x0001967c	1
0x00019db4	1
0x00019de4	1
0x00019e14	1
0x00019e44	1
0x00019e80	1
0x00019f24	1
0x00019ff4	1
0x0001a0b0	1
0x0001a144	1
0x0001a1d8	1
0x0001a344	1
0x0001a420	1
0x0001a43c	1
0x0001a458	1
0x0001a484	1
0x0001a75c	1
0x0001a8b0	1
0x0001a8dc	1
0x0001a908	1
0x0001aa7c	1
0x0001aaa4	1
0x0001aac4	1
0x0001aae4	1
0x0001ab10	1
0x0001ab2c	1
0x0001ab70	1
0x0001ad08	1
0x0001ad60	1
0x0001adc0	1
0x0001ae24	1
0x0001aec4	1
0x0001afa0	1
0x0001b104	1
0x0001b134	1
0x0001b1d8	1
0x0001b208	1
0x0001b2d4	1
0x0001b304	1
0x0001b378	1
0x0001b3fc	1
0x0001b420	1
0x0001b4fc	1
0x0001b560	1
0x0001b654	1
0x0001b6ac	1
0x0001b774	1
0x0001b830	1
0x0001ba30	1
0x0001bb84	1
0x0001bba8	1
0x0001bce0	1
0x0001bd18	1
0x0001bdd0	1
0x0001bdec	1
0x0001be44	1
0x0001be80	1
0x0001bea0	1
0x0001bee0	1
0x0001bf20	1
0x0001bf68	1
0x0001bfac	1
0x0001bfd8	1
0x0001c0e4	1
0x0001c144	1
0x0001c1a8	1
0x0001c20c	1
0x0001c248	1
0x0001c264	1
0x0001c2b4	1
0x0001c448	1
0x0001c498	1
0x0001c7cc	1
0x0001c814	1
0x0001ccc0	1
0x0001ccd8	1
0x0001cd58	1
0x0001cd74	1
0x0001d240	1
0x0001d268	1
0x0001d290	1
0x0001d2b4	1
0x0001d328	1
0x0001d40c	1
0x0001d430	1
0x0001d4ac	1
0x0001d9c8	1
0x0001dc64	1
0x0001dd48	1
0x0001dff8	1
0x0001e4d0	1
0x0001e528	1
0x0001e580	1
0x0001e5a8	1
0x0001fb14	1
0x00020094	1
0x00020510	1
0x000209ac	1
0x00020ea4	1
0x00020ee8	1
0x00020efc	1
0x00020f48	1
0x00020fd0	1
0x00021004	1
0x0002101c	1
0x000210dc	1
0x00021174	1
0x000212c8	1
0x000212f0	1
0x00022788	1
0x000227f4	1
0x0002285c	1
0x000228dc	1
0x00022908	1
0x00022a68	1
0x00022b4c	1
0x00022b68	1
0x00022b80	1
0x00022b98	1
0x00022f60	1
0x00023440	1
0x00023644	1
0x00023740	1
0x00023788	1
0x000237a4	1
0x00023bc8	1
0x00023bf8	1
0x00023c28	1
0x00023c50	1
0x00023c78	1
0x00023cb4	1
0x000244a0	1
0x0002452c	1
0x000248d4	1
0x00024934	1
0x00024d1c	1
0x00024d64	1
0x00024ecc	1
0x00024f94	1
0x00025994	1
0x000259b4	1
0x00025a04	1
0x00025a24	1
0x00025a88	1
0x00025aec	1
0x00026398	1
0x00026434	1
0x000264e0	1
0x00026580	1
0x0002670c	1
0x0002672c	1
0x000267d8	1
0x00026a00	1
0x00026adc	1
0x00027c7c	1
0x00027ce0	1
0x00028814	1
0x00028a54	1
0x00028c78	1
0x00029a64	1
0x00029cf4	1
0x0002ae68	1
0x0002aeac	1
0x0002aee4	1
0x0002af90	1
0x0002b078	1
0x0002b1d0	1
0x0002b2a8	1
0x0002b4c4	1
0x0002b638	1
0x0002b77c	1
0x0002ba84	1
0x0002bb6c	1
0x0002bc24	1
0x0002bc48	1
0x0002bc60	1
0x0002bc80	1
0x0002bdf8	1
0x0002d4d4	1
0x0002d6fc	1
0x0002db5c	1
0x0002e174	1
0x0002ea84	1
0x0002eb84	1
0x0002ebd0	1
0x0002eec0	1
0x0002eef8	1
0x0002f708	1
0x0002f814	1
0x0002f82c	1
0x0002f884	1
0x0002f8dc	1
0x0002f904	1
0x0002f92c	1
0x0002f9b0	1
0x0002fa04	1
0x00030288	1
0x000302c8	1
0x00030318	1
0x00030368	1
0x0003047c	1
0x000305f8	1
0x000306a0	1
0x00030718	1
0x0003076c	1
0x00030934	1
0x00030990	1
0x00030ddc	1
0x00030e24	1
0x00030e78	1
0x00030eb4	1
0x00030f14	1
0x00030f5c	1
0x00030fb8	1
0x00030ffc	1
0x00031060	1
0x00031170	1
0x000311c0	1
0x000311e0	1
0x00031200	1
0x00031220	1
0x00031240	1
0x00031260	1
0x00031280	1
0x000312a0	1
0x000312c0	1
0x000312e0	1
0x00031304	1
0x00031324	1
0x00031344	1
0x00031368	1
0x0003138c	1
0x000313c4	1
0x00031404	1
0x00031448	1
0x00031470	1
0x00031538	1
0x00031574	1
0x000315dc	1
0x00031640	1
0x00031674	1
0x000316ac	1
0x00031720	1
0x0003173c	1
0x00031758	1
0x0003198c	1
0x000319b4	1
0x00031a18	1
0x00031a60	1
0x00031ac8	1
0x00031af4	1
0x00031be4	1
0x00031c24	1
0x00031c40	1
0x00031c64	1
0x00031ca4	1
0x00031ccc	1
0x00031cf8	1
0x00031db4	1
0x00031e2c	1
0x00031ec8	1
0x00031f64	1
0x00031f80	1
0x00032020	1
0x000320b4	1
0x000320d0	1
0x00032160	1
0x0003221c	1
0x00032300	1
0x0003233c	1
0x0003234c	1
0x00032508	1
0x000326f8	1
0x00032720	1
0x000328ac	1
0x00032964	1
0x00032ab0	1
0x00032adc	1
0x00032b14	1
0x00032b5c	1
0x00032bb4	1
0x00032d28	1
0x00032d80	1
0x00032d9c	1
0x00032db8	1
0x00032dd4	1
0x00032df0	1
0x00032e0c	1
0x00032e28	1
0x00032e44	1
0x00032e60	1
0x00032e7c	1
0x00032e98	1
0x00032ebc	1
0x00032ee0	1
0x00033024	1
0x00033868	1
0x000339a4	1
0x00033a40	1
0x00034340	1
0x000349f8	1
0x00034a2c	1
0x00034a54	1
0x00034aa0	1
0x00034ae8	1
0x00034b20	1
0x00034c54	1
0x00034c8c	1
0x00034dc0	1
0x00034e20	1
0x00034e80	1
0x00034f00	1
0x00034fc0	1
0x00035094	1
0x00035154	1
0x00035198	1
0x00035254	1
0x000352e8	1
0x00035320	1
0x00035340	1
0x00035360	1
0x00035380	1
0x000353a0	1
0x00035b80	1
0x00035c28	1
0x00035c60	1
0x00035c98	1
0x00035cd4	1
0x00036720	1
0x00036ed8	1
0x00036f2c	1
0x00036f5c	1
0x00036f7c	1
0x00036f9c	1
0x00036fbc	1
0x00037018	1
0x00037038	1
0x000370a8	1
0x00037120	1
0x0003714c	1
0x00037178	1
0x00037198	1
0x000371fc	1
0x0003721c	1
0x0003723c	1
0x0003725c	1
0x0003727c	1
0x0003729c	1
0x000372bc	1
0x000372ec	1
0x00037398	1
0x000373e4	1
0x00037438	1
0x00037604	1
0x00037620	1
0x00037640	1
0x00037670	1
0x00037778	1
0x00037798	1
0x000377c0	1
0x000377f8	1
0x00037c34	1
0x00037dec	1
0x00037e20	1
0x00037e54	1
0x00037e78	1
0x00037f24	1
0x00037f3c	1
0x00037f58	1
0x00037f74	1
0x00037f90	1
0x00037fd4	1
0x00037ff4	1
0x00038020	1
0x0003807c	1
0x0003809c	1
0x000380d4	1
0x000380ec	1
0x00038128	1
0x00038150	1
0x00038180	1
0x000381a0	1
0x000381cc	1
0x000381f8	1
0x00038224	1
0x00038258	1
0x000382b4	1
0x000382ec	1
0x00038334	1
0x00038368	1
0x0003839c	1
0x000383cc	1
0x00038400	1
0x00038428	1
0x00038468	1
0x0003849c	1
0x000384f0	1
0x00038534	1
0x00038550	1
0x0003856c	1
0x000385bc	1
0x000385e8	1
0x00038614	1
0x00038640	1
0x0003866c	1
0x00038698	1
0x000386d0	1
0x00038764	1
0x00038780	1
0x000387bc	1
0x00038828	1
0x00038898	1
0x00038904	1
0x0003896c	1
0x000389a0	1
0x00038a14	1
0x00038a50	1
0x00038a6c	1
0x00038a84	1
0x00038acc	1
0x00038b0c	1
0x00038b30	1
0x00038b54	1
0x00038b70	1
0x00038b94	1
0x00038bb8	1
0x00038bd4	1
0x00038bf0	1
0x00038c0c	1
0x00038c48	1
0x00038c84	1
0x00038ccc	1
0x00038d14	1
0x00038d5c	1
0x00038da4	1
0x00038dec	1
0x00038e20	1
0x00038e58	1
0x00038e90	1
0x00038ec4	1
0x00038ef8	1
0x00038f30	1
0x00038f74	1
0x00038fb4	1
0x00038fe8	1
0x0003901c	1
0x00039064	1
0x000390a8	1
0x000390f0	1
0x00039138	1
0x00039180	1
0x0003919c	1
0x00039210	1
0x00039248	1
0x000392d4	1
0x00039320	1
0x00039354	1
0x00039418	1
0x0003944c	1
0x00039490	1
0x000394d0	1
0x00039508	1
0x00039538	1
0x00039574	1
0x00039610	1
0x0003970c	1
0x0003971c	1
0x0003972c	1
0x0003973c	1
0x0003974c	1
0x0003975c	1
0x0003976c	1
0x00039780	1
0x00039794	1
0x000397a8	1
0x000397bc	1
0x000397d0	1
0x000397e4	1
0x000399dc	1
0x00039a38	1
0x00039a78	1
0x00039b8c	1
0x00039bb0	1
0x00039be0	1
0x00039c14	1
0x00039c5c	1
0x00039cf8	1
0x00039d64	1
0x00039f34	1
0x00039f4c	1
0x00039f78	1
0x00039fec	1
0x0003a124	1
0x0003a17c	1
0x0003a1f8	1
0x0003a214	1
0x0003a2f0	1
0x0003a320	1
0x0003a350	1
0x0003a4d4	1
0x0003a508	1
0x0003a57c	1
0x0003aad4	1
0x0003aaec	1
0x0003ab04	1
0x0003ad7c	1
0x0003aeb8	1
0x0003afc0	1
0x0003b048	1
0x0003b070	1
0x0003b148	1
0x0003b190	1
0x0003b1a0	1
0x0003b1c4	1
0x0003b23c	1
0x0003b288	1
0x0003b310	1
0x0003b380	1
0x0003b414	1
0x0003b4b8	1
0x0003b558	1
0x0003b5c8	1
0x0003ba48	1
0x0003baac	1
0x0003bb9c	1
0x0003bbc0	1
0x0003bbfc	1
0x0003bca0	1
0x0003bce0	1
0x0003bcfc	1
0x0003bd2c	1
0x0003bd54	1
0x0003bd8c	1
0x0003be5c	1
0x0003bee4	1
0x0003bf3c	1
0x0003bf8c	1
0x0003c038	1
0x0003c5f8	1
0x0003d058	1
0x0003d1fc	1
0x0003da68	1
0x00040130	1
0x000401a8	1
0x000401d0	1
0x00040234	1
0x0004032c	1
0x00040374	1
0x00040398	1
0x000403b0	1
0x000403e0	1
0x00040424	1
0x00040754	1
0x00040794	1
0x00040818	1
0x000408b8	1
0x00040960	1
0x000409b4	1
0x000409e4	1
0x00040be8	1
0x00040c14	1
0x00040c58	1
0x00040c7c	1
0x00040ca0	1
0x00040cc0	1
0x00040cd8	1
0x00040d1c	1
0x00040d50	1
0x00040da8	1
0x00040dc0	1
0x00040dd4	1
0x00040de8	1
0x00040e38	1
0x00040e9c	1
0x00040eb8	1
0x00040ed4	1
0x00040ef4	1
0x00041048	1
0x000410a0	1
0x000410c4	1
0x00041114	1
0x0004113c	1
0x00041174	1
0x000411e4	1
0x00041304	1
0x000413d8	1
0x00041458	1
0x00041588	1
0x00041770	1
0x000418e0	1
0x000419b8	1
0x00041b0c	1
0x00041bbc	1
0x00041c48	1
0x00041e40	1
0x00041ef4	1
0x00041f18	1
0x0004225c	1
0x000422c8	1
0x00042334	1
0x000423a0	1
0x00042468	1
0x00042480	1
0x00042498	1
0x0004257c	1
0x000425c8	1
0x00042608	1
0x00042664	1
0x00042694	1
0x000426e8	1
0x00042750	1
0x0004278c	1
0x000427a8	1
0x000427c8	1
0x000427e4	1
0x00042800	1
0x0004281c	1
0x00042838	1
0x00042864	1
0x0004288c	1
0x000428bc	1
0x000428d8	1
0x00042920	1
0x00042968	1
0x000429bc	1
0x00042a28	1
0x00042a78	1
0x00042ae0	1
0x00042b14	1
0x00042b54	1
0x00042b80	1
0x00042b98	1
0x00042bd8	1
0x00042c00	1
0x00042c20	1
0x00042c70	1
0x00042cbc	1
0x00042dfc	1
0x00042ef8	1
0x00042f30	1
0x00042fe0	1
0x00043014	1
0x000430bc	1
0x0004314c	1
0x00043168	1
0x000431a4	1
0x000431bc	1
0x000431d4	1
0x0004325c	1
0x000432e0	1
0x00043330	1
0x00043348	1
0x000433b4	1
0x00043408	1
0x0004349c	1
0x00043544	1
0x000435ec	1
0x000436cc	1
0x00043710	1
0x00043768	1
0x0004378c	1
0x0004380c	1
0x00043828	1
0x00043844	1
0x000438d0	1
0x000438ec	1
0x00043908	1
0x00043954	1
0x00043980	1
0x000439c4	1
0x000439e4	1
0x00043a08	1
0x00043aec	1
0x00043b10	1
0x00043b94	1
0x00043bc0	1
0x00043be0	1
0x00043c0c	1
0x00043c38	1
0x00043c50	1
0x00043c94	1
0x00043cbc	1
0x00043d10	1
0x00043d7c	1
0x00043db4	1
0x00043df8	1
0x00043e2c	1
0x00043eb0	1
0x00043f00	1
0x00043f44	1
0x0004404c	1
0x000440b0	1
0x000440ec	1
0x00044138	1
0x000441f8	1
0x00044218	1
0x000442a4	1
0x0004430c	1
0x000443dc	1
0x0004447c	1
0x00044518	1
0x0004454c	1
0x000445bc	1
0x00044608	1
0x00044664	1
0x000446d8	1
0x00044770	1
0x000447dc	1
0x00044864	1
0x000448d0	1
0x0004493c	1
0x00044a14	1
0x00044ab0	1
0x00044b2c	1
0x00044b98	1
0x00044c04	1
0x00044c94	1
0x00044d24	1
0x00044dd0	1
0x00044e08	1
0x00044e40	1
0x00044e80	1
0x00044ec0	1
0x00044f08	1
0x00044f28	1
0x000451e0	1
0x00045318	1
0x00045344	1
0x0004540c	1
0x00045500	1
0x00045594	1
0x000455ec	1
0x00045688	1
0x00045a30	1
0x00045aa8	1
0x00045c20	1
0x00045dac	1
0x00045e18	1
0x00045ea0	1
0x00045f38	1
0x00045fa8	1
0x000460d4	1
0x000463c4	1
0x000465ac	1
0x0004664c	1
0x000466ec	1
0x00046738	1
0x000467b0	1
0x00046868	1
0x00046904	1
0x000469a4	1
0x000469d4	1
0x00046ad4	1
0x00046b70	1
0x00046c20	1
0x00046ce4	1
0x00046da0	1
0x00046e30	1
0x00046e5c	1
0x00047034	1
0x00047138	1
0x000471d0	1
0x00047348	1
0x000473c4	1
0x0004742c	1
0x00047464	1
0x000475bc	1
0x000475d8	1
0x00047a78	1
0x00047b38	1
0x00047bf8	1
0x00047c34	1
0x00047d24	1
0x00047d6c	1
0x00047db0	1
0x00047ed8	1
0x00048550	1
0x000485ec	1
0x00048688	1
0x00048830	1
0x000488b0	1
0x00048910	1
0x00048a04	1
0x00048ab0	1
0x00048ad0	1
0x00048c0c	1
0x00048dc8	1
0x00049000	1
0x0004905c	1
0x00049ac8	1
0x00049b94	1
0x00049bc0	1
0x00049bdc	1
0x0004a104	1
0x0004a15c	1
0x0004a1a4	1
0x0004a1d0	1
0x0004a1fc	1
0x0004a21c	1
0x0004a834	1
0x0004a858	1
0x0004a88c	1
0x0004a954	1
0x0004a970	1
0x0004aa24	1
0x0004abe0	1
0x0004ac28	1
0x0004ac60	1
0x0004ad34	1
0x0004ae88	1
0x0004af30	1
0x0004afc0	1
0x0004afdc	1
0x0004b0cc	1
0x0004b148	1
0x0004b1c0	1
0x0004b2e0	1
0x0004b2fc	1
0x0004b330	1
0x0004b43c	1
0x0004b514	1
0x0004b550	1
0x0004b5f4	1
0x0004b680	1
0x0004b6a0	1
0x0004b6fc	1
0x0004b758	1
0x0004b7b4	1
0x0004b824	1
0x0004b844	1
0x0004b874	1
0x0004b890	1
0x0004b8ac	1
0x0004b980	1
0x0004b9dc	1
0x0004ba98	1
0x0004bb60	1
0x0004bb84	1
0x0004bbb4	1
0x0004bc64	1
0x0004bdd8	1
0x0004be00	1
0x0004be6c	1
0x0004be9c	1
0x0004beec	1
0x0004bf6c	1
0x0004bfe4	1
0x0004c014	1
0x0004c184	1
0x0004c1b4	1
0x0004c288	1
0x0004c3a8	1
0x0004c5bc	1
0x0004c614	1
0x0004c65c	1
0x0004c688	1
0x0004c6b4	1
0x0004c6d4	1
0x0004cca8	1
0x0004cccc	1
0x0004cd00	1
0x0004cdc8	1
0x0004cde4	1
0x0004ce98	1
0x0004d054	1
0x0004d09c	1
0x0004d0d4	1
0x0004d1a8	1
0x0004d2f4	1
0x0004d39c	1
0x0004d42c	1
0x0004d448	1
0x0004d538	1
0x0004d5b4	1
0x0004d62c	1
0x0004d74c	1
0x0004d768	1
0x0004d79c	1
0x0004d8a8	1
0x0004d980	1
0x0004d9bc	1
0x0004da60	1
0x0004daec	1
0x0004db0c	1
0x0004db68	1
0x0004dbc4	1
0x0004dc20	1
0x0004dc90	1
0x0004dcb0	1
0x0004dce0	1
0x0004dcfc	1
0x0004dd18	1
0x0004ddec	1
0x0004de40	1
0x0004defc	1
0x0004dfc4	1
0x0004dfe8	1
0x0004e018	1
0x0004e0c8	1
0x0004e23c	1
0x0004e264	1
0x0004e2d0	1
0x0004e300	1
0x0004e350	1
0x0004e3d0	1
0x0004e448	1
0x0004e478	1
0x0004e5e8	1
0x0004e618	1
0x0004e6ec	1
0x0004e80c	1
0x0004e9b8	1
0x0004e9f0	1
0x0004ea80	1
0x0004eaa8	1
0x0004eac8	1
0x0004eaf4	1
0x0004eb44	1
0x0004eca0	1
0x0004ecd4	1
0x0004ed74	1
0x0004eea8	1
0x0004eef8	1
0x0004ef58	1
0x0004ef74	1
0x0004f018	1
0x0004f08c	1
0x0004f0a8	1
0x0004f1ac	1
0x0004f204	1
0x0004f294	1
0x0004f2c0	1
0x0004f354	1
0x0004f41c	1
0x0004f458	1
0x0004f6b8	1
0x0004f874	1
0x0004f968	1
0x0004f98c	1
0x0004fa08	1
0x0004fa8c	1
0x0004fb08	1
0x0004fb3c	1
0x0004fb74	1
0x0004fbd0	1
0x0004fcf4	1
0x0004fda0	1
0x0004ff58	1
0x0004ffe0	1
0x00050044	1
0x0005008c	1
0x000503f8	1
0x000504d4	1
0x00050958	1
0x000509dc	1
0x00050a74	1
0x00050b00	1
0x00050b58	1
0x00050be8	1
0x00050ed4	1
0x00050f44	1
0x0005108c	1
0x00051434	1
0x00051530	1
0x000516f8	1
0x000523d4	1
0x00052404	1
0x0005247c	1
0x00052af0	1
0x00053004	1
0x0005306c	1
0x00053098	1
0x000530d8	1
0x000530f8	1
0x00053118	1
0x00053144	1
0x00053160	1
0x00053180	1
0x000531ac	1
0x000531c8	1
0x000531e8	1
0x00053218	1
0x00053238	1
0x00053374	1
0x00053840	1
0x00053894	1
0x00053920	1
0x00053b28	1
0x00053b6c	1
0x00053ccc	1
0x00053d6c	1
0x00053de8	1
0x00053e78	1
0x00053fe8	1
0x00054104	1
0x0005427c	1
0x000543e8	1
0x00054658	1
0x000546a0	1
0x0005472c	1
0x00054848	1
0x000548bc	1
0x00054924	1
0x000549e8	1
0x00054ac0	1
0x00054b54	1
0x00054bd4	1
0x00054cac	1
0x00054e24	1
0x00055174	1
0x00055194	1
0x00055284	1
0x000552e4	1
0x00055680	1
0x000556a0	1
0x000556bc	1
0x000556d8	1
0x000556f4	1
0x00055710	1
0x0005572c	1
0x00055748	1
0x00055764	1
0x000557c8	1
0x00055880	1
0x0005599c	1
0x00055a10	1
0x00055c2c	1
0x00055c88	1
0x00055f2c	1
0x00055f60	1
0x00055fc4	1
0x00055fe8	1
0x00056004	1
0x00056048	1
0x00056078	1
0x0005614c	1
0x00056170	1
0x0005619c	1
0x000561e0	1
0x000561fc	1
0x0005621c	1
0x000562cc	1
0x00056484	1
0x000564b0	1
0x00056548	1
0x00056564	1
0x000566d8	1
0x000566fc	1
0x00056848	1
0x00056864	1
0x00056890	1
0x00056a14	1
0x00056b2c	1
0x00056be8	1
0x00056c04	1
0x00056c24	1
0x00056c5c	1
0x00056d08	1
0x00056d34	1
0x00056d68	1
0x00056d84	1
0x00056f20	1
0x00057138	1
0x00057408	1
0x00057638	1
0x00057654	1
0x00057c60	1
0x00057d1c	1
0x00057ddc	1
0x00057f68	1
0x00058298	1
0x000582cc	1
0x00058354	1
0x00058388	1
0x00058410	1
0x00058790	1
0x00058818	1
0x00058854	1
0x000588ac	1
0x000588dc	1
0x00058950	1
0x000589f0	1
0x00058bc8	1
0x00059720	1
0x00059890	1
0x000598d0	1
0x00059910	1
0x00059b58	1
0x00059c44	1
0x00059c70	1
0x00059c94	1
0x00059d10	1
0x00059d34	1
0x00059d70	1
0x00059da4	1
0x00059dc4	1
0x00059df8	1
0x00059e58	1
0x00059e74	1
0x00059e9c	1
0x0005a098	1
0x0005a1c8	1
0x0005a220	1
0x0005a23c	1
0x0005a380	1
0x0005a424	1
0x0005a484	1
0x0005a7d4	1
0x0005a830	1
0x0005a878	1
0x0005a894	1
0x0005a8b8	1
0x0005ab58	1
0x0005ab94	1
0x0005abe4	1
0x0005ac20	1
0x0005ae24	1
0x0005b10c	1
0x0005b608	1
0x0005b878	1
0x0005b898	1
0x0005c550	1
0x0005c5ec	1
0x0005c734	1
0x0005c810	1
0x0005c850	1
0x0005c8a4	1
0x0005c908	1
0x0005c9ec	1
0x0005cb30	1
0x0005cd68	1
0x0005cda4	1
0x0005cde8	1
0x0005ce14	1
0x0005ce34	1
0x0005cffc	1
0x0005e074	1
0x0005e22c	1
0x0005e278	1
0x0005e31c	1
0x0005e374	1
0x0005e3a0	1
0x0005e410	1
0x0005e47c	1
0x0005e510	1
0x0005e580	1
0x0005e87c	1
0x0005ea84	1
0x0005f624	1
0x0005f738	1
0x0005f774	1
0x0005f7b4	1
0x0005f7f4	1
0x0005f834	1
0x0005f874	1
0x0005f8b8	1
0x0005faa0	1
0x0005fb74	1
0x0005fbfc	1
0x0005fd60	1
0x00060608	1
0x00060938	1
0x00060c28	1
0x00060c68	1
0x00060c88	1
0x00060cc8	1
0x00060ce4	1
0x000610c8	1
0x00061100	1
0x0006118c	1
0x00061214	1
0x000613e4	1
0x0006149c	1
0x000615c4	1
0x000615fc	1
0x000616b8	1
0x000616fc	1
0x00061728	1
0x00061ac0	1
0x00061c70	1
0x00061db8	1
0x00061fec	1
0x00062038	1
0x000620c0	1
0x00062114	1
0x000622f0	1
0x000624c0	1
0x000627e0	1
0x000629c4	1
0x00062a00	1
0x00062bec	1
0x00062c70	1
0x00062cf8	1
0x00062f1c	1
0x00062f90	1
0x00063174	1
0x0006327c	1
0x00063390	1
0x000633b8	1
0x00063448	1
0x00063494	1
0x000634c0	1
0x000634ec	1
0x0006352c	1
0x0006355c	1
0x00063608	1
0x00063620	1
0x00063638	1
0x00063650	1
0x00063668	1
0x000637b8	1
0x0006387c	1
0x000638f8	1
0x00063990	1
0x000639ec	1
0x00063a3c	1
0x00063c28	1
0x00063e4c	1
0x00063efc	1
0x00063f0c	1
0x00064040	1
0x00064064	1
0x000643cc	1
0x00064420	1
0x000645d0	1
0x00064610	1
0x000646c0	1
0x000646f8	1
0x00064740	1
0x00064760	1
0x00064864	1
0x00064af8	1
0x00064dec	1
0x00064e38	1
0x00064ea4	1
0x00064fa8	1
0x000650dc	1
0x000652f4	1
0x000654b0	1
0x000658c8	1
0x00065ce8	1
0x00065d2c	1
0x00065d48	1
0x00065d64	1
0x00065d80	1
0x00065d9c	1
0x00065dc4	1
0x00065dec	1
0x00065e14	1
0x00065e44	1
0x00065f80	1
0x00066104	1
0x000666d0	1
0x00066804	1
0x00066844	1
0x00066878	1
0x000668d8	1
0x00066948	1
0x00066988	1
0x000669ec	1
0x00066bd0	1
0x00066d2c	1
0x00066db8	1
0x00066f68	1
0x00066f9c	1
0x00067040	1
0x000670d0	1
0x00067108	1
0x00067178	1
0x000672d0	1
0x00067368	1
0x00067390	1
0x000673dc	1
0x00067400	1
0x0006746c	1
0x000674c0	1
0x0006764c	1
0x00067b18	1
0x00067bcc	1
0x00067c0c	1
0x00068190	1
0x00068394	1
0x00068a14	1
0x00068a40	1
0x00068a6c	1
0x00068acc	1
0x00068c28	1
0x00068d3c	1
0x00068d68	1
0x00068dcc	1
0x00068e84	1
0x00068ec8	1
0x00068ff0	1
0x00069238	1
0x00069290	1
0x00069ba8	1
0x00069d9c	1
0x00069ea4	1
0x00069ee0	1
0x00069f1c	1
0x0006a5b4	1
0x0006a5f0	1
0x0006a660	1
0x0006a85c	1
0x0006a8e4	1
0x0006a9c0	1
0x0006aa98	1
0x0006edb4	1
0x0006f534	1
0x0006f558	1
0x0006f57c	1
0x0006f5a0	1
0x0006f5c4	1
0x0006f5e8	1
0x0006f60c	1
0x0006f630	1
0x0006f8f0	1
0x0006faf4	1
0x0006fcf4	1
0x0006fd18	1
0x0006fdac	1
0x0006fdc4	1
0x0006fe2c	1
0x0006fe44	1
0x00070270	1
0x000702ac	1
0x000702cc	1
0x000702ec	1
0x0007031c	1
0x00070390	1
0x00070658	1
0x000708b8	1
0x00071fec	1
0x0007218c	1
0x000721d8	1
0x0007226c	1
0x000722a4	1
0x000722b4	1
0x00072324	1
0x00072390	1
0x00072424	1
0x00072494	1
0x00072774	1
0x000728a8	1
0x0007296c	1
0x00072a44	1
0x00072ac0	1
0x00072b3c	1
0x00072df0	1
0x0007c1e4	1
0x0007c220	1
0x0007c378	1
0x0007c598	1
0x0007c62c	1
0x0007c650	1
0x0007c6dc	1
0x0007cb74	1
0x0007d01c	1
0x0007d040	1
0x0007d064	1
0x0007d198	1
0x0007d1f0	1
0x0007d238	1
0x0007d3dc	1
0x0007d488	1
0x0007d4ac	1
0x0007d4d0	1
0x0007d568	1
0x0007d5ec	1
0x0007d630	1
0x0007deec	1
0x0007df64	1
0x0007e53c	1
0x0007ee84	1
0x0007f184	1
0x0007f250	1
0x0007f270	1
0x0007f394	1
0x0007f418	1
0x0007f44c	1
0x0007f49c	1
0x0007f4b0	1
0x0007f4e0	1
0x0007f5a0	1
0x0007f73c	1
0x0007f780	1
0x0007fc58	1
0x0007fce8	1
0x0007fd14	1
0x0007fea0	1
0x0007ff10	1
0x0008075c	1
0x00080828	1
0x000808cc	1
0x00080938	1
0x00080a58	1
0x00080c1c	1
0x00080d18	1
0x00080d44	1
0x00080d94	1
0x00081148	1
0x00081190	1
0x00081400	1
0x00081438	1
0x000816c0	1
0x00081740	1
0x000817f8	1
0x00081b40	1
0x00081e08	1
0x00081e34	1
0x00081e9c	1
0x00081f0c	1
0x00081fcc	1
0x00082064	1
0x000821f0	1
0x00082220	1
0x000822e8	1
0x00082494	1
0x000824bc	1
0x000824dc	1
0x00082518	1
0x000826f8	1
0x000828dc	1
0x000828fc	1
0x00082980	1
0x00082a10	1
0x00083500	1
0x000839c4	1
0x00083cf4	1
0x00083d10	1
0x00083db4	1
0x00083dd0	1
0x00083e30	1
0x00083ea8	1
0x00083ee4	1
0x00083f20	1
0x0008405c	1
0x0008408c	1
0x00089160	1
0x0008920c	1
0x0008924c	1
0x0008930c	1
0x00089590	1
0x000895d0	1
0x00089618	1
0x00089774	1
0x00089810	1
0x000898c4	1
0x00089990	1
0x00089a1c	1
0x00089b3c	1
0x00089b70	1
0x00089c78	1
0x00089cac	1
0x00089d7c	1
0x00089e24	1
0x00089f44	1
0x00089f78	1
0x0008a048	1
0x000900d4	1
0x00090110	1
0x00090204	1
0x0009027c	1
0x0009070c	1
0x000907bc	1
0x00090830	1
0x00090a34	1
0x00090a50	1
0x00090a84	1
0x00090b94	1
0x00090c5c	1
0x00090d4c	1
0x00091074	1
0x00091148	1
0x000911a8	1
0x00091270	1
0x000912a0	1
0x0009131c	1
0x000913f4	1
0x00091868	1
0x00091b0c	1
0x00091b74	1
0x00091bf8	1
0x00091d40	1
0x00091d64	1
0x00091d88	1
0x000920f4	1
0x00092208	1
0x00092304	1
0x00092370	1
0x000924d0	1
0x0009476c	1
0x000947ac	1
0x000948cc	1
0x00094e2c	1
0x0009533c	1
0x000953c4	1
0x00095404	1
0x000955f4	1
0x00095734	1
0x00095868	1
0x00095a08	1
0x00095a24	1
0x00095ad0	1
0x00095bc4	1
0x00095d6c	1
0x00095da4	1
0x00096180	1
0x000961e4	1
0x000963a4	1
0x00096598	1
0x000965f4	1
0x000966f0	1
0x00096748	1
0x00096784	1
0x0009691c	1
0x00096ad4	1
0x00096cac	1
0x00096eec	1
0x00096f30	1
0x00097048	1
0x0009709c	1
0x000970fc	1
0x00097654	1
0x000979cc	1
0x00097b24	1
0x00097c4c	1
0x00097d64	1
0x00097f14	1
0x0009854c	1
0x000985d4	1
0x000986c8	1
0x0009961c	1
0x0009987c	1
0x00099c34	1
0x00099c4c	1
0x00099cf0	1
0x00099d28	1
0x00099d4c	1
0x00099d84	1
0x00099da8	1
0x00099dd8	1
0x00099dfc	1
0x00099e30	1
0x00099e4c	1
0x00099ff8	1
0x0009a0c0	1
0x0009a104	1
0x0009a16c	1
0x0009a180	1
0x0009a198	1
0x0009a1fc	1
0x0009a2f8	1
0x0009a35c	1
0x0009a3ac	1
0x0009a3ec	1
0x0009a438	1
0x0009a8a0	1
0x0009a910	1
0x0009a940	1
0x0009a9c4	1
0x0009aa3c	1
0x0009aa64	1
0x0009aa80	1
0x0009aab4	1
0x0009aad0	1
0x0009aaec	1
0x0009ac70	1
0x0009ae58	1
0x0009aea8	1
0x0009aef8	1
0x0009af2c	1
0x0009af90	1
0x0009afc8	1
0x0009afe8	1
0x0009b018	1
0x0009b088	1
0x0009b228	1
0x0009b24c	1
0x0009b280	1
0x0009c764	1
0x0009c9cc	1
0x0009cae0	1
0x0009cb40	1
0x0009cbe8	1
0x0009cc2c	1
0x0009cc9c	1
0x0009cdb0	1
0x0009cdec	1
0x0009ce28	1
0x0009ed0c	1
0x0009fc44	1
0x0009fd44	1
0x0009fe10	1
0x000a00bc	1
0x000a1c1c	1
0x000a1d34	1
0x000a1e18	1
0x000a1e88	1
0x000a2020	1
0x000a213c	1
0x000a21bc	1
0x000a21cc	1
0x000a2240	1
0x000a22a0	1
0x000a22cc	1
0x000a2340	1
0x000a236c	1
0x000a23f4	1
0x000a24e0	1
0x000a2584	1
0x000a263c	1
0x000a26a4	1
0x000a2724	1
0x000a28b8	1
0x000a293c	1
0x000a2a58	1
0x000a2b00	1
0x000a2b54	1
0x000a2bc8	1
0x000a2c48	1
0x000a2cd4	1
0x000a3218	1
0x000a3270	1
0x000a3300	1
0x000a3440	1
0x000a35f8	1
0x000a3660	1
0x000a3884	1
0x000a38b0	1
0x000a39dc	1
0x000a3aa0	1
0x000a3ecc	1
0x000a3f58	1
0x000a4474	1
0x000a44d0	1
0x000a4524	1
0x000a4550	1
0x000a4594	1
0x000a4648	1
0x000a46d0	1
0x000a475c	1
0x000a4858	1
0x000a4900	1
0x000a4ae4	1
0x000a4c58	1
0x000a4f14	1
0x000a51cc	1
0x000a51f4	1
0x000a52dc	1
0x000a538c	1
0x000a5688	1
0x000a57f0	1
0x000a5878	1
0x000a59dc	1
0x000a5a38	1
0x000a5c84	1
0x000a5ccc	1
0x000a5cf0	1
0x000a678c	1
0x000a6880	1
0x000a69f0	1
0x000a6a70	1
0x000a6a90	1
0x000a6b14	1
0x000a6b7c	1
0x000a75f4	1
0x000a7824	1
0x000a78c8	1
0x000a78e8	1
0x000a7ac8	1
0x000a7ba8	1
0x000a7be4	1
0x000a7ec0	1
0x000a87a0	1
0x000a889c	1
0x000a89c4	1
0x000a9bd8	1
0x000a9bf8	1
0x000a9c18	1
0x000a9c8c	1
0x000a9ca8	1
0x000a9ce8	1
0x000a9e58	1
0x000a9f34	1
0x000a9f68	1
0x000a9f9c	1
0x000a9fd0	1
0x000aa004	1
0x000aa03c	1
0x000aa074	1
0x000aa0ac	1
0x000aa0e8	1
0x000aa124	1
0x000aa148	1
0x000aa16c	1
0x000aa190	1
0x000aa1cc	1
0x000aa208	1
0x000aa244	1
0x000aa270	1
0x000aa29c	1
0x000aa2f4	1
0x000aa338	1
0x000aa354	1
0x000aa370	1
0x000aa38c	1
0x000aa3d8	1
0x000aa424	1
0x000aa470	1
0x000aa510	1
0x000aa9e8	1
0x000aabe0	1
0x000aac1c	1
0x000aad2c	1
0x000aad64	1
0x000aade8	1
0x000aae84	1
0x000aaeb8	1
0x000ab0ec	1
0x000ab13c	1
0x000ab1c4	1
0x000ab204	1
0x000ab2e0	1
0x000ab348	1
0x000ab3fc	1
0x000ab484	1
0x000ab63c	1
0x000ab708	1
0x000ab798	1
0x000ab820	1
0x000ab900	1
0x000ab9f8	1
0x000ac330	1
0x000ac374	1
0x000ac6a0	1
0x000ac6d0	1
0x000ac7e4	1
0x000ad114	1
0x000ad9d0	1
0x000ae350	1
0x000ae3cc	1
0x000ae468	1
0x000ae6c0	1
0x000ae724	1
0x000ae7b4	1
0x000ae828	1
0x000ae90c	1
0x000ae9c8	1
0x000aeafc	1
0x000aeb44	1
0x000af040	1
0x000af8c4	1
0x000afb1c	1
0x000afc64	1
0x000b0798	1
0x000b08d8	1
0x000b16e8	1
0x000b1714	1
0x000b181c	1
0x000b1840	1
0x000b1c54	1
0x000b4c8c	1
0x000b4dc8	1
0x000b524c	1
0x000b52a4	1
0x000b5500	1
0x000b5544	1
0x000b58d0	1
0x000b5938	1
0x000b5984	1
0x000b5c0c	1
0x000b5c68	1
0x000b5c8c	1
0x000b5dc4	1
0x000b5e20	1
0x000b5e9c	1
0x000b5fd4	1
0x000b6288	1
0x000b62b4	1
0x000b64cc	1
0x000b68a0	1
0x000b6a18	1
0x000b6a64	1
0x000b6cd4	1
0x000b6d18	1
0x000b704c	1
0x000b7098	1
0x000b71c8	1
0x000b74e8	1
0x000b7534	1
0x000b75d8	1
0x000b7818	1
0x000b783c	1
0x000b78f0	1
0x000b7928	1
0x000b7a88	1
0x000b7ac0	1
0x000b7b88	1
0x000b7bdc	1
0x000b7f70	1
0x000b7fb0	1
0x000b801c	1
0x000b8194	1
0x000b8398	1
0x000b83bc	1
0x000b8408	1
0x000b846c	1
0x000b84b8	1
0x000b84ec	1
0x000b8728	1
0x000b88b8	1
0x000b8970	1
0x000b898c	1
0x000b8c6c	1
0x000b8d40	1
0x000b8ee8	1
0x000b9138	1
0x000b932c	1
0x000b9380	1
0x000b96b8	1
0x000b9778	1
0x000b9810	1
0x000b9898	1
0x000b99b4	1
0x000b9aa8	1
0x000b9ba0	1
0x000b9bbc	1
0x000b9bd8	1
0x000b9bf4	1
0x000b9c10	1
0x000b9c28	1
0x000b9c40	1
0x000b9d44	1
0x000b9f38	1
0x000ba044	1
0x000ba160	1
0x000ba1fc	1
0x000ba520	1
0x000ba5e4	1
0x000ba7b4	1
0x000bb358	1
0x000bbcfc	1
0x000bcc08	1
0x000bcdac	1
0x000bcdf8	1
0x000bce78	1
0x000bceb0	1
0x000bcff8	1
0x000bd0c0	1
0x000bd4a8	1
0x000bd4c4	1
0x000bd4f4	1
0x000be818	1
0x000bef94	1
0x000beff4	1
0x000bf064	1
0x000bf0a4	1
0x000bf110	1
0x000bf150	1
0x000bf1d8	1
0x000bf2d0	1
0x000bf2ec	1
0x000bf464	1
0x000bf4ec	1
0x000bf530	1
0x000bf5cc	1
0x000bf64c	1
0x000bf6e0	1
0x000bf864	1
0x000bfa08	1
0x000c0038	1
0x000c011c	1
0x000c0148	1
0x000c02d0	1
0x000c0b04	1
0x000c0b7c	1
0x000c0bd4	1
0x000c0cf0	1
0x000c0fcc	1
0x000c1218	1
0x000c1270	1
0x000c129c	1
0x000c12fc	1
0x000c1460	1
0x000c15a8	1
0x000c1760	1
0x000c1828	1
0x000c1b98	1
0x000c2094	1
0x000c20c4	1
0x000c21a8	1
0x000c21e4	1
0x000c22c0	1
0x000c2350	1
0x000c23e0	1
0x000c2408	1
0x000c242c	1
0x000c24a8	1
0x000c25a0	1
0x000c2790	1
0x000c27dc	1
0x000c29e4	1
0x000c2bb8	1
0x000c2cb0	1
0x000c2d08	1
0x000c2e38	1
0x000c3358	1
0x000c35c0	1
0x000c3680	1
0x000c3798	1
0x000c37b0	1
0x000c4504	1
0x000c4548	1
0x000c45fc	1
0x000c5544	1
0x000c55a8	1
0x000c577c	1
0x000c5d38	1
0x000c5df0	1
0x000c5e94	1
0x000c5f2c	1
0x000c5f44	1
0x000c5fb8	1
0x000c61c0	1
0x000c6240	1
0x000c62c0	1
0x000c6bd4	1
0x000c6c54	1
0x000c6cb8	1
0x000c6f2c	1
0x000c6fdc	1
0x000c78f4	1
0x000c866c	1
0x000c86a0	1
0x000c8850	1
0x000c88b8	1
0x000c8970	1
0x000c8ae4	1
0x000c8d18	1
0x000c8d3c	1
0x000c90b0	1
0x000c93b4	1
0x000c95f0	1
0x000c96e4	1
0x000c9700	1
0x000c9764	1
0x000c990c	1
0x000c9928	1
0x000cd7ac	1
0x000cd7f4	1
0x000cd8d4	1
0x000cd9d0	1
0x000cd9f0	1
0x000cda28	1
0x000cda64	1
0x000cda80	1
0x000cdb34	1
0x000cdc60	1
0x000cdd8c	1
0x000cdda4	1
0x000cdddc	1
0x000ce4c0	1
0x000ce508	1
0x000cec0c	1
0x000cec5c	1
0x000cf0c4	1
0x000cf1c4	1
0x000cf204	1
0x000cf630	1
0x000cf744	1
0x000cf7b4	1
0x000cf7f8	1
0x000cf828	1
0x000cfe1c	1
0x000d0128	1
0x000d0338	1
0x000d0368	1
0x000d051c	1
0x000d07f0	1
0x000d0814	1
0x000d0874	1
0x000d08a0	1
0x000d0910	1
0x000d0980	1
0x000d09b8	1
0x000d0a24	1
0x000d0a5c	1
0x000d0abc	1
0x000d0b1c	1
0x000d0b60	1
0x000d0bc0	1
0x000d0c1c	1
0x000d0c80	1
0x000d0cec	1
0x000d0d9c	1
0x000d0dec	1
0x000d0e18	1
0x000d0e40	1
0x000d0f20	1
0x000d0f9c	1
0x000d1080	1
0x000d1124	1
0x000d12d8	1
0x000d1328	1
0x000d1544	1
0x000d17c4	1
0x000d18e4	1
0x000d1940	1
0x000d1984	1
0x000d19c0	1
0x000d1ad4	1
0x000d1b30	1
0x000d1b6c	1
0x000d1c14	1
0x000d1c50	1
0x000d1ccc	1
0x000d1ce0	1
0x000d1db0	1
0x000d2140	1
0x000d21c0	1
0x000d24a8	1
0x000d2524	1
0x000d2544	1
0x000d2598	1
0x000d25f0	1
0x000d2678	1
0x000d26dc	1
0x000d2728	1
0x000d2960	1
0x000d2b10	1
0x000d2c1c	1
0x000d2d4c	1
0x000d2fc8	1
0x000d3034	1
0x000d3098	1
0x000d32e4	1
0x000d34c8	1
0x000d351c	1
0x000d364c	1
0x000d3668	1
0x000d36f8	1
0x000d37d0	1
0x000d38bc	1
0x000d3ce8	1
0x000d7e14	1
0x000d7fa0	1
0x000d81f0	1
0x000d8450	1
0x000d84fc	1
0x000d8710	1
0x000d88e8	1
0x000d8b68	1
0x000d8c84	1
0x000d8d5c	1
0x000d8e3c	1
0x000daf7c	1
0x000db714	1
0x000db8c8	1
0x000db8ec	1
0x000db960	1
0x000db97c	1
0x000dba48	1
0x000dbabc	1
0x000dbcf8	1
0x000dbd24	1
0x000dbd50	1
0x000dbd7c	1
0x000dbda8	1
0x000dbdd4	1
0x000dbf80	1
0x000dbfc0	1
0x000dc178	1
0x000dc2b4	1
0x000dc7b0	1
0x000dc8e4	1
0x000dc9a4	1
0x000dcae8	1
0x000dcc30	1
0x000dcce8	1
0x000dde18	1
0x000ddefc	1
0x000ddfe4	1
0x000de0e0	1
0x000de2a0	1
0x000de2b0	1
0x000de2c4	1
0x000de2d8	1
0x000de2ec	1
0x000de300	1
0x000de328	1
0x000de3fc	1
0x000de4d0	1
0x000de568	1
0x000de5e4	1
0x000de7f0	1
0x000df030	1
0x000df15c	1
0x000df2dc	1
0x000df380	1
0x000df3c4	1
0x000df8bc	1
0x000df8d8	1
0x000dfca8	1
0x000dfdbc	1
0x000dfde4	1
0x000e059c	1
0x000e0654	1
0x000e0780	1
0x000e0bfc	1
0x000e0cf4	1
0x000e0d40	1
0x000e0d60	1
0x000e0ec0	1
0x000e0fc0	1
0x000e0fe0	1
0x000e1018	1
0x000e10a4	1
0x000e11f8	1
0x000e1380	1
0x000e1404	1
0x000e1468	1
0x000e14dc	1
0x000e1618	1
0x000e1aa4	1
0x000e1adc	1
0x000e1b44	1
0x000e1b7c	1
0x000e1fa4	1
0x000e2018	1
0x000e22f0	1
0x000e2550	1
0x000e25bc	1
0x000e27ac	1
0x000e2a1c	1
0x000e3094	1
0x000e33c8	1
0x000e36e4	1
0x000e3724	1
0x000e3798	1
0x000e37cc	1
0x000e37e8	1
0x000e3824	1
0x000e3840	1
0x000e388c	1
0x000e38b8	1
0x000e3914	1
0x000e3938	1
0x000e3994	1
0x000e39b8	1
0x000e39d4	1
0x000e3a10	1
0x000e3a3c	1
0x000e3a8c	1
0x000e3b2c	1
0x000e3b48	1
0x000e3ba8	1
0x000e3bdc	1
0x000e3c10	1
0x000e3d30	1
0x000e3d4c	1
0x000e3e60	1
0x000e3fbc	1
0x000e40dc	1
0x000e4258	1
0x000e42f4	1
0x000e4328	1
0x000e4380	1
0x000ea0d4	1
0x000eab4c	1
0x000eab70	1
0x000eac18	1
0x000eac78	1
0x000eada4	1
0x000eae04	1
0x000eae58	1
0x000eb0dc	1
0x000eb618	1
0x000eb6f8	1
0x000ec0f0	1
0x000ec404	1
0x000ecb04	1
0x000ecc2c	1
0x000ecd34	1
0x000f0698	1
0x000f06b8	1
0x000f073c	1
0x000f07cc	1
0x000f12bc	1
0x000f1780	1
0x000f1ab0	1
0x000f1acc	1
0x000f1b70	1
0x000f1b8c	1
0x000f1db8	1
0x000f2078	1
0x000f3260	1
0x000f3354	1
0x000f33ac	1
0x000f3674	1
0x000f3c08	1
0x000f3c84	1
0x000f3ce8	1
0x000f3d30	1
0x000f3f78	1
0x000f3ff4	1
0x000f4018	1
0x000f4038	1
0x000f40d8	1
0x000f40f8	1
0x000f41ac	1
0x000f41cc	1
0x000f4290	1
0x000f42fc	1
0x000f43c4	1
0x000f4474	1
0x000f4554	1
0x000f45a8	1
0x000f4630	1
0x000f46c0	1
0x000f47e0	1
0x000f48c4	1
0x000f49b0	1
0x000f4a30	1
0x000f4ab0	1
0x000f4af8	1
0x000f4b58	1
0x000f4b70	1
0x000f4cb4	1
0x000f4de8	1
0x000f4ec8	1
0x000f4f0c	1
0x000f4fa0	1
0x000f5034	1
0x000f50bc	1
0x000f50e0	1
0x000f5230	1
0x000f5334	1
0x000f5360	1
0x000f542c	1
0x000f55b8	1
0x000f55fc	1
0x000f57bc	1
0x000f57dc	1
0x000f5a04	1
0x000f5a80	1
0x000f5cc0	1
0x000f5d94	1
0x000f5e08	1
0x000f5ff0	1
0x000f6014	1
0x000f6164	1
0x000f61f8	1
0x000f644c	1
0x000f64b4	1
0x000f68ec	1
0x000f695c	1
0x000f6978	1
0x000f6998	1
0x000f69d0	1
0x000f6a10	1
0x000f6a50	1
0x000f6e14	1
0x000f6e54	1
0x000f6ec4	1
0x000f7238	1
0x000f7260	1
0x000f7270	1
0x000f7620	1
0x000f7668	1
0x000f782c	1
0x000f78a4	1
0x000f7d88	1
0x000f8174	1
0x000f81b8	1
0x000f8214	1
0x000f8264	1
0x000f8514	1
0x000f87b0	1
0x000f890c	1
0x000f8a50	1
0x000f8b88	1
0x000f8bb8	1
0x000f8ce8	1
0x000f8f60	1
0x000f906c	1
0x000f90c8	1
0x000f9228	1
0x000f94e0	1
0x000f96a0	1
0x000f96d0	1
0x000f9700	1
0x000f97e8	1
0x000f98cc	1
0x000f9b3c	1
0x000f9e98	1
0x000fa1ec	1
0x000fa284	1
0x000fa294	1
0x000fa4b8	1
0x000fa500	1
0x000fa924	1
0x000faaac	1
0x000fab60	1
0x000fac98	1
0x000fad68	1
0x000fad94	1
0x000fae1c	1
0x000fae48	1
0x000faeb8	1
0x000faf10	1
0x000fb054	1
0x000fb570	1
0x000fb640	1
0x000fb658	1
0x000fb768	1
0x000fb824	1
0x000fb8ec	1
0x000fb910	1
0x000fb934	1
0x000fb9a4	1
0x000fb9d4	1
0x000fba04	1
0x000fba38	1
0x000fba6c	1
0x000fba9c	1
0x000fbadc	1
0x000fbafc	1
0x000fbb0c	1
0x000fbb48	1
0x000fbc10	1
0x000fbcac	1
0x000fbd10	1
0x000fbe6c	1
0x000fbf58	1
0x000fc1f4	1
0x000fc300	1
0x000fc324	1
0x000fc370	1
0x000fc388	1
0x000fc3d8	1
0x000fc408	1
0x000fc458	1
0x000fc484	1
0x000fc4cc	1
0x000fc51c	1
0x000fc56c	1
0x000fc5d0	1
0x000fc634	1
0x000fc694	1
0x000fc6f4	1
0x000fc80c	1
0x000fca2c	1
0x000fca60	1
0x000fcb74	1
0x000fcba8	1
0x000fcc9c	1
0x000fd310	1
0x000fd5c0	1
0x000fd674	1
0x000fd6fc	1
0x000fd860	1
0x000fd984	1
0x000fd9a4	1
0x000fd9c4	1
0x000fdb94	1
0x000fdcf0	1
0x000fdd54	1
0x000fdf60	1
0x000fdf78	1
0x000fef18	1
0x000ff1a4	1
0x000ff1ec	1
0x000ff218	1
0x000ff238	1
0x000ff4e8	1
0x000ff500	1
0x000ff62c	1
0x000ff6c8	1
0x000ff80c	1
0x000ff90c	1
0x000ff9e8	1
0x000ffb30	1
0x000ffb80	1
0x000ffbb4	1
0x000ffc30	1
0x000ffd58	1
0x000ffd8c	1
0x00100330	1
0x00100434	1
0x00100460	1
0x001004f4	1
0x00100620	1
0x0010064c	1
0x00100744	1
0x00100884	1
0x001009ac	1
0x00100b54	1
0x00100c54	1
0x00100f24	1
0x00100f4c	1
0x00101054	1
0x00101080	1
0x00101114	1
0x00101244	1
0x00101270	1
0x00101368	1
0x00101544	1
0x00101674	1
0x00101868	1
0x00101968	1
0x00101c40	1
0x00101c7c	1
0x00101ce4	1
0x00101d40	1
0x00101d80	1
0x00101db0	1
0x00101dec	1
0x00101e18	1
0x00101e84	1
0x00101ebc	1
0x00101ef8	1
0x00101f40	1
0x001057fc	1
0x001058bc	1
0x001059fc	1
0x00105b48	1
0x00105b88	1
0x00105bc0	1
0x00105cac	1
0x00105de4	1
0x0010629c	1
0x00106330	1
0x00106490	1
0x001064e0	1
0x00106cf0	1
0x00106ee8	1
0x00106f54	1
0x00106fdc	1
0x001070f8	1
0x0010715c	1
0x00107344	1
0x00107460	1
0x00107c7c	1
0x00107cb8	1
0x00107df4	1
0x00107f60	1
0x00108948	1
0x00108f14	1
0x00108f6c	1
0x00108f9c	1
0x0010940c	1
0x00109628	1
0x00109680	1
0x00109708	1
0x00109940	1
0x00109f18	1
0x0010a064	1
0x0010a3bc	1
0x0010a414	1
0x0010a480	1
0x0010a59c	1
0x0010a85c	1
0x0010a8d0	1
0x0010a99c	1
0x0010aa78	1
0x0010ab14	1
0x0010ab2c	1
0x0010ac64	1
0x0010ac90	1
0x0010acc8	1
0x0010b27c	1
0x0010b454	1
0x0010b6f4	1
0x0010b948	1
0x0010bbf8	1
0x0010bc30	1
0x0010bd64	1
0x0010be94	1
0x0010bef8	1
0x0010bf90	1
0x0010c43c	1
0x0010c668	1
0x0010c9d8	1
0x0010ca10	1
0x0010d1a4	1
0x0010d224	1
0x0010d33c	1
0x0010d43c	1
0x0010d66c	1
0x0010d7b4	1
0x0010d870	1
0x0010d8b4	1
0x0010d96c	1
0x0010d9c8	1
0x0010da60	1
0x0010dae4	1
0x0010db28	1
0x0010db38	1
0x0010db68	1
0x0010db94	1
0x0010dd34	1
0x0010ddc0	1
0x0010deac	1
0x0010df48	1
0x0010e038	1
0x0010e1a4	1
0x0010e2b0	1
0x0010e334	1
0x0010e3c0	1
0x0010e3dc	1
0x0010e3f4	1
0x0010e464	1
0x0010e544	1
0x0010e628	1
0x0010e68c	1
0x0010e6d0	1
0x0010e71c	1
0x0010e77c	1
0x0010e7d0	1
0x0010e81c	1
0x0010e85c	1
0x0010e894	1
0x0010e8cc	1
0x0010e920	1
0x0010e99c	1
0x0010ea00	1
0x0010ea38	1
0x0010ea48	1
0x0010eac0	1
0x0010eb90	1
0x0010ec54	1
0x0010ee64	1
0x0010f5bc	1
0x0010f678	1
0x0010f6d8	1
0x0010f760	1
0x0010f7e8	1
0x0010fedc	1
0x0010ff18	1
0x00110af4	1
0x00110b94	1
0x001146dc	1
0x00114720	1
0x00115690	1
0x00115830	1
0x00115868	1
0x001158e8	1
0x00115920	1
0x0011627c	1
0x001162ec	1
0x0011632c	1
0x00116398	1
0x001163d8	1
0x001164d8	1
0x00116520	1
0x0011669c	1
0x00116c9c	1
0x00116d70	1
0x00116e98	1
0x00116f08	1
0x00116f44	1
0x00116f70	1
0x00116fe0	1
0x0011701c	1
0x00117198	1
0x001171e0	1
0x001171f8	1
0x00117374	1
0x001173c4	1
0x001173ec	1
0x00117484	1
0x001174c4	1
0x00117690	1
0x00117708	1
0x0011777c	1
0x00117844	1
0x001178e0	1
0x00117914	1
0x00117930	1
0x00117ac0	1
0x00117c34	1
0x00117ca0	1
0x00117d04	1
0x00117ddc	1
0x00118168	1
0x001182c0	1
0x001183fc	1
0x00118550	1
0x00118590	1
0x001185d4	1
0x00118650	1
0x001186d8	1
0x001186f8	1
0x00118718	1
0x001187d4	1
0x00118b58	1
0x00118ffc	1
0x001192c0	1
0x001194b8	1
0x00119610	1
0x0011a890	1
0x0011ab04	1
0x0011ac54	1
0x0011ada0	1
0x0011adcc	1
0x0011b158	1
0x0011b178	1
0x0011b1dc	1
0x0011b240	1
0x0011b284	1
0x0011b39c	1
0x0011b478	1
0x0011b54c	1
0x0011b5e4	1
0x0011b798	1
0x0011b8b8	1
0x0011b920	1
0x0011bcf4	1
0x0011c840	1
0x0011cd5c	1
0x0011ce10	1
0x0011cec8	1
0x0011cf38	1
0x0011cfac	1
0x0011d80c	1
0x0011d83c	1
0x0011d93c	1
0x0011da34	1
0x0011da54	1
0x0011da74	1
0x0011dbd8	1
0x0011dc80	1
0x0011dedc	1
0x0011dfb4	1
0x0011e048	1
0x0011e108	1
0x0011e20c	1
0x0011e2c4	1
0x0011e4bc	1
0x0011e558	1
0x0011e5ac	1
0x0011e82c	1
0x0011e8e8	1
0x0011e934	1
0x0011ea58	1
0x0011eb64	1
0x0011ed5c	1
0x0011ee9c	1
0x0011eedc	1
0x0011ef8c	1
0x0011f10c	1
0x0011f378	1
0x0011f3a8	1
0x0011f59c	1
0x0011f5c8	1
0x0011f7f4	1
0x0011ff78	1
0x0011ffb8	1
0x0012000c	1
0x00120140	1
0x001201e4	1
0x001202d0	1
0x0012031c	1
0x00120390	1
0x00120444	1
0x001205fc	1
0x001207f4	1
0x00120864	1
0x001208a4	1
0x00120a94	1
0x00120d24	1
0x00120dcc	1
0x0012223c	1
0x001224bc	1
0x00122614	1
0x00122660	1
0x00122684	1
0x001226b8	1
0x00122768	1
